{
  "eigenvalues": [
    14.999584924460185,
    13.628960470832913,
    12.337567732933552,
    1.93093950010755,
    1.6345592465163732,
    1.4767454477666502,
    1.3817181773066969,
    1.0277926465153533,
    0.9380216094120695,
    0.6441102441486826,
    3.9438276842671345e-15,
    3.2655416967787274e-15,
    3.083715959638682e-15,
    2.380554216369318e-15,
    2.225959107094866e-15,
    2.151796890794067e-15,
    2.1252717682846732e-15,
    1.5903920205441113e-15,
    1.4197476273617995e-15,
    1.051154757505207e-15,
    9.669748112893594e-16,
    8.425010549992858e-16,
    8.227595452621925e-16,
    6.858512771261143e-16,
    4.428622768319593e-16,
    3.625816409964981e-16,
    1.394693398568602e-16,
    5.833381436718988e-17,
    1.551409912428317e-17,
    -4.1718985548384924e-17,
    -9.441006482804361e-17,
    -2.6882667329026634e-16,
    -4.791725324879102e-16,
    -6.132129678046661e-16,
    -6.45239788194003e-16,
    -7.612712805066696e-16,
    -8.222360637078971e-16,
    -1.024770266312955e-15,
    -1.4473197570604549e-15,
    -1.6449191390331958e-15,
    -1.8273121446879666e-15,
    -2.140790838933366e-15,
    -2.2125942654966127e-15,
    -2.5892963126150443e-15,
    -3.0558393421810423e-15,
    -3.1731895360226433e-15,
    -3.1819903651371697e-15,
    -4.2748839591401935e-15,
    -4.937655947589896e-15,
    -5.1672584799855115e-15
  ],
  "explained_variance_ratio": [
    0.29999169848920315,
    0.27257920941665775,
    0.2467513546586706,
    0.038618790002150925,
    0.032691184930327404,
    0.02953490895533295,
    0.027634363546133887,
    0.02055585293030703,
    0.018760432188241354,
    0.012882204882973628,
    7.887655368534255e-17,
    6.531083393557443e-17,
    6.167431919277352e-17,
    4.7611084327386267e-17,
    4.451918214189724e-17,
    4.3035937815881264e-17,
    4.2505435365693386e-17,
    3.1807840410882165e-17,
    2.8394952547235937e-17,
    2.10230951501041e-17,
    1.9339496225787152e-17,
    1.6850021099985685e-17,
    1.645519090524382e-17,
    1.3717025542522261e-17,
    8.85724553663917e-18,
    7.251632819929949e-18,
    2.789386797137199e-18,
    1.1666762873437955e-18,
    3.1028198248566283e-19,
    8.343797109676969e-19,
    1.888201296560869e-18,
    5.376533465805317e-18,
    9.583450649758186e-18,
    1.22642593560933e-17,
    1.2904795763880036e-17,
    1.5225425610133362e-17,
    1.6444721274157912e-17,
    2.0495405326259064e-17,
    2.8946395141209045e-17,
    3.289838278066386e-17,
    3.6546242893759263e-17,
    4.281581677866724e-17,
    4.4251885309932175e-17,
    5.178592625230079e-17,
    6.111678684362073e-17,
    6.346379072045274e-17,
    6.363980730274328e-17,
    8.549767918280371e-17,
    9.875311895179773e-17,
    1.0334516959971004e-16
  ],
  "effective_dimensionality": 8,
  "timestamp": "2025-03-17T18:34:37.238602"
}