{
  "eigenvalues": [
    15.666787479084283,
    13.497576320730206,
    11.63968707519473,
    2.1628265550762453,
    1.9147098160245763,
    1.3500547032266854,
    1.1222620347296086,
    1.0907756502050252,
    0.927672831292614,
    0.6276475344360279,
    4.926892687491215e-15,
    4.2491493280257156e-15,
    3.698549783034144e-15,
    3.310068023926278e-15,
    2.5214448868485477e-15,
    2.2545700957074255e-15,
    2.1702348744902145e-15,
    1.887407348507042e-15,
    1.8266616649666415e-15,
    1.5595222001700636e-15,
    1.2732086085673869e-15,
    1.1078174593537245e-15,
    1.0203030593743342e-15,
    8.232482162280002e-16,
    7.998581839270732e-16,
    5.765108942360755e-16,
    4.61124144935853e-16,
    2.0793092585700623e-16,
    1.0806956754666223e-16,
    3.9503581566770687e-17,
    -5.988482117097423e-17,
    -2.435535985809761e-16,
    -3.5980444507111274e-16,
    -4.6063823746526315e-16,
    -5.774478724800695e-16,
    -5.87645793126494e-16,
    -8.072550489062757e-16,
    -8.656160713939643e-16,
    -1.2081469417088611e-15,
    -1.282964295992915e-15,
    -1.5568599139033223e-15,
    -1.6914525047668932e-15,
    -1.8093467087515964e-15,
    -1.8585496782416344e-15,
    -2.7420996056061483e-15,
    -2.7583253238511863e-15,
    -3.078582529309199e-15,
    -3.184945279460666e-15,
    -3.688117612603115e-15,
    -5.041679846593829e-15
  ],
  "explained_variance_ratio": [
    0.3133357495816852,
    0.26995152641460374,
    0.23279374150389429,
    0.043256531101524845,
    0.03829419632049147,
    0.02700109406453367,
    0.02244524069459214,
    0.02181551300410047,
    0.018553456625852255,
    0.012552950688720541,
    9.853785374982416e-17,
    8.498298656051419e-17,
    7.397099566068277e-17,
    6.620136047852546e-17,
    5.0428897736970884e-17,
    4.5091401914148446e-17,
    4.340469748980423e-17,
    3.7748146970140783e-17,
    3.653323329933278e-17,
    3.119044400340123e-17,
    2.5464172171347702e-17,
    2.2156349187074458e-17,
    2.0406061187486655e-17,
    1.646496432455998e-17,
    1.5997163678541442e-17,
    1.1530217884721494e-17,
    9.222482898717047e-18,
    4.1586185171401184e-18,
    2.1613913509332417e-18,
    7.900716313354126e-19,
    1.1976964234194827e-18,
    4.871071971619516e-18,
    7.196088901422244e-18,
    9.21276474930525e-18,
    1.1548957449601372e-17,
    1.1752915862529863e-17,
    1.614510097812549e-17,
    1.7312321427879262e-17,
    2.416293883417719e-17,
    2.5659285919858263e-17,
    3.11371982780664e-17,
    3.3829050095337813e-17,
    3.6186934175031877e-17,
    3.7170993564832635e-17,
    5.4841992112122886e-17,
    5.516650647702365e-17,
    6.157165058618388e-17,
    6.369890558921323e-17,
    7.37623522520622e-17,
    1.0083359693187644e-16
  ],
  "effective_dimensionality": 8,
  "timestamp": "2025-03-17T18:32:47.091332"
}